CMA_name,CT_ID_NUM,GEO_ID,Population
Toronto,5350001,5350001,604.00
Toronto,5350002,5350002,657.00
Toronto,5350003,5350003,673.00
Toronto,5350004,5350004,6781.00
Toronto,5350005,5350005,5510.00
Toronto,5350006,5350006,0.00
Toronto,5350007.01,5350007.01,3325.00
Toronto,5350007.02,5350007.02,4962.00
Toronto,5350008,5350008,9282.00
Toronto,5350009,5350009,271.00
Toronto,5350010.01,5350010.01,4608.00
Toronto,5350010.02,5350010.02,7113.00
Toronto,5350011,5350011,8645.00
Toronto,5350012.01,5350012.01,5911.00
Toronto,5350012.02,5350012.02,10664.00
Toronto,5350013,5350013,10601.00
Toronto,5350014,5350014,644.00
Toronto,5350015,5350015,3411.00
Toronto,5350016,5350016,6063.00
Toronto,5350017,5350017,6883.00
Toronto,5350018,5350018,2088.00
Toronto,5350019,5350019,3127.00
Toronto,5350020,5350020,2352.00
Toronto,5350021,5350021,5081.00
Toronto,5350022,5350022,3767.00
Toronto,5350023,5350023,3340.00
Toronto,5350024,5350024,6590.00
Toronto,5350025,5350025,3277.00
Toronto,5350026,5350026,6394.00
Toronto,5350027,5350027,4459.00
Toronto,5350028,5350028,6118.00
Toronto,5350029,5350029,6495.00
Toronto,5350030,5350030,3831.00
Toronto,5350031,5350031,6176.00
Toronto,5350032,5350032,5264.00
Toronto,5350033,5350033,4979.00
Toronto,5350034.01,5350034.01,4504.00
Toronto,5350034.02,5350034.02,5207.00
Toronto,5350035,5350035,7262.00
Toronto,5350036,5350036,4915.00
Toronto,5350037,5350037,4873.00
Toronto,5350038,5350038,4029.00
Toronto,5350039,5350039,4678.00
Toronto,5350040,5350040,4904.00
Toronto,5350041,5350041,3459.00
Toronto,5350042,5350042,4532.00
Toronto,5350043,5350043,3907.00
Toronto,5350044,5350044,5033.00
Toronto,5350045,5350045,3637.00
Toronto,5350046,5350046,3380.00
Toronto,5350047.01,5350047.01,3459.00
Toronto,5350047.02,5350047.02,4189.00
Toronto,5350048,5350048,3516.00
Toronto,5350049,5350049,3641.00
Toronto,5350050.01,5350050.01,6824.00
Toronto,5350050.02,5350050.02,5952.00
Toronto,5350051,5350051,5323.00
Toronto,5350052,5350052,3886.00
Toronto,5350053,5350053,5639.00
Toronto,5350054,5350054,5810.00
Toronto,5350055,5350055,2693.00
Toronto,5350056,5350056,4778.00
Toronto,5350057,5350057,2406.00
Toronto,5350058,5350058,3869.00
Toronto,5350059,5350059,3955.00
Toronto,5350060,5350060,2400.00
Toronto,5350061,5350061,1427.00
Toronto,5350062.01,5350062.01,4981.00
Toronto,5350062.02,5350062.02,6461.00
Toronto,5350063.01,5350063.01,8293.00
Toronto,5350063.02,5350063.02,6934.00
Toronto,5350064,5350064,3858.00
Toronto,5350065,5350065,13974.00
Toronto,5350066,5350066,8032.00
Toronto,5350067,5350067,1677.00
Toronto,5350068,5350068,2344.00
Toronto,5350069,5350069,5271.00
Toronto,5350070,5350070,3416.00
Toronto,5350071,5350071,3504.00
Toronto,5350072.01,5350072.01,4641.00
Toronto,5350072.02,5350072.02,3122.00
Toronto,5350073,5350073,2751.00
Toronto,5350074,5350074,3629.00
Toronto,5350075,5350075,4060.00
Toronto,5350076,5350076,3950.00
Toronto,5350077,5350077,4476.00
Toronto,5350078,5350078,5949.00
Toronto,5350079,5350079,6991.00
Toronto,5350080.01,5350080.01,3414.00
Toronto,5350080.02,5350080.02,4485.00
Toronto,5350081,5350081,2792.00
Toronto,5350082,5350082,2605.00
Toronto,5350083,5350083,4047.00
Toronto,5350084,5350084,3754.00
Toronto,5350085,5350085,3899.00
Toronto,5350086,5350086,2679.00
Toronto,5350087,5350087,5074.00
Toronto,5350088,5350088,3016.00
Toronto,5350089,5350089,3288.00
Toronto,5350090,5350090,3680.00
Toronto,5350091.01,5350091.01,6065.00
Toronto,5350091.02,5350091.02,3359.00
Toronto,5350092,5350092,7151.00
Toronto,5350093,5350093,5634.00
Toronto,5350094,5350094,5072.00
Toronto,5350095,5350095,3130.00
Toronto,5350096,5350096,4989.00
Toronto,5350097.01,5350097.01,4290.00
Toronto,5350097.02,5350097.02,5412.00
Toronto,5350098,5350098,6785.00
Toronto,5350099,5350099,6369.00
Toronto,5350100,5350100,2518.00
Toronto,5350101,5350101,3092.00
Toronto,5350102.01,5350102.01,1516.00
Toronto,5350102.02,5350102.02,4301.00
Toronto,5350102.03,5350102.03,3121.00
Toronto,5350103,5350103,5985.00
Toronto,5350104,5350104,5314.00
Toronto,5350105,5350105,4537.00
Toronto,5350106,5350106,3880.00
Toronto,5350107,5350107,5873.00
Toronto,5350108,5350108,6137.00
Toronto,5350109,5350109,4953.00
Toronto,5350110,5350110,3393.00
Toronto,5350111,5350111,2623.00
Toronto,5350112,5350112,5031.00
Toronto,5350113,5350113,2696.00
Toronto,5350114,5350114,5318.00
Toronto,5350115,5350115,4474.00
Toronto,5350116,5350116,4194.00
Toronto,5350117,5350117,2101.00
Toronto,5350118,5350118,3900.00
Toronto,5350119,5350119,4486.00
Toronto,5350120,5350120,1360.00
Toronto,5350121,5350121,2210.00
Toronto,5350122,5350122,5931.00
Toronto,5350123,5350123,2151.00
Toronto,5350124,5350124,5354.00
Toronto,5350125,5350125,4508.00
Toronto,5350126,5350126,4106.00
Toronto,5350127,5350127,5367.00
Toronto,5350128.02,5350128.02,8345.00
Toronto,5350128.03,5350128.03,4978.00
Toronto,5350128.04,5350128.04,4202.00
Toronto,5350129,5350129,4948.00
Toronto,5350130,5350130,3720.00
Toronto,5350131,5350131,5405.00
Toronto,5350132,5350132,5473.00
Toronto,5350133,5350133,7001.00
Toronto,5350134,5350134,2788.00
Toronto,5350135,5350135,5630.00
Toronto,5350136.01,5350136.01,6073.00
Toronto,5350136.02,5350136.02,4995.00
Toronto,5350137,5350137,6509.00
Toronto,5350138,5350138,3132.00
Toronto,5350139,5350139,6671.00
Toronto,5350140,5350140,2479.00
Toronto,5350141.01,5350141.01,4249.00
Toronto,5350141.02,5350141.02,4599.00
Toronto,5350142,5350142,5693.00
Toronto,5350150,5350150,4190.00
Toronto,5350151,5350151,3731.00
Toronto,5350152,5350152,4318.00
Toronto,5350153,5350153,4602.00
Toronto,5350154,5350154,5801.00
Toronto,5350155,5350155,3297.00
Toronto,5350156.01,5350156.01,5818.00
Toronto,5350156.02,5350156.02,2749.00
Toronto,5350157,5350157,2643.00
Toronto,5350158,5350158,2240.00
Toronto,5350159.01,5350159.01,3837.00
Toronto,5350159.02,5350159.02,4561.00
Toronto,5350160,5350160,3230.00
Toronto,5350161,5350161,6621.00
Toronto,5350162,5350162,4968.00
Toronto,5350163,5350163,4348.00
Toronto,5350164,5350164,6331.00
Toronto,5350165,5350165,4300.00
Toronto,5350166,5350166,4178.00
Toronto,5350167.01,5350167.01,1801.00
Toronto,5350167.02,5350167.02,5630.00
Toronto,5350168,5350168,5426.00
Toronto,5350169.01,5350169.01,3433.00
Toronto,5350169.02,5350169.02,7424.00
Toronto,5350170,5350170,3445.00
Toronto,5350171,5350171,3919.00
Toronto,5350172,5350172,2569.00
Toronto,5350173,5350173,3168.00
Toronto,5350174,5350174,7334.00
Toronto,5350175.01,5350175.01,5953.00
Toronto,5350175.02,5350175.02,7988.00
Toronto,5350176,5350176,4229.00
Toronto,5350180,5350180,6517.00
Toronto,5350181.01,5350181.01,4326.00
Toronto,5350181.02,5350181.02,3500.00
Toronto,5350182,5350182,5366.00
Toronto,5350183,5350183,6454.00
Toronto,5350184.01,5350184.01,4892.00
Toronto,5350184.02,5350184.02,3760.00
Toronto,5350185.01,5350185.01,6772.00
Toronto,5350185.02,5350185.02,4791.00
Toronto,5350186,5350186,2298.00
Toronto,5350187,5350187,3405.00
Toronto,5350188,5350188,1953.00
Toronto,5350189,5350189,5472.00
Toronto,5350190.01,5350190.01,9077.00
Toronto,5350190.02,5350190.02,4615.00
Toronto,5350191,5350191,4214.00
Toronto,5350192,5350192,956.00
Toronto,5350193,5350193,3059.00
Toronto,5350194.01,5350194.01,5313.00
Toronto,5350194.02,5350194.02,5659.00
Toronto,5350194.03,5350194.03,2762.00
Toronto,5350194.04,5350194.04,5491.00
Toronto,5350195,5350195,6592.00
Toronto,5350196,5350196,8121.00
Toronto,5350200,5350200,6360.00
Toronto,5350201,5350201,4922.00
Toronto,5350202,5350202,1640.00
Toronto,5350203,5350203,3017.00
Toronto,5350204,5350204,4380.00
Toronto,5350205,5350205,184.00
Toronto,5350206.01,5350206.01,3972.00
Toronto,5350206.02,5350206.02,5660.00
Toronto,5350207,5350207,2302.00
Toronto,5350208,5350208,4034.00
Toronto,5350209,5350209,2747.00
Toronto,5350210,5350210,7855.00
Toronto,5350211,5350211,6286.00
Toronto,5350212,5350212,5618.00
Toronto,5350213,5350213,6792.00
Toronto,5350214,5350214,4307.00
Toronto,5350215,5350215,6565.00
Toronto,5350216,5350216,5494.00
Toronto,5350217,5350217,5782.00
Toronto,5350218,5350218,2657.00
Toronto,5350219,5350219,4193.00
Toronto,5350220,5350220,4069.00
Toronto,5350221.01,5350221.01,6367.00
Toronto,5350221.02,5350221.02,4376.00
Toronto,5350222.01,5350222.01,5409.00
Toronto,5350222.02,5350222.02,5124.00
Toronto,5350223,5350223,3641.00
Toronto,5350224,5350224,1743.00
Toronto,5350225.01,5350225.01,5034.00
Toronto,5350225.02,5350225.02,7777.00
Toronto,5350226,5350226,3216.00
Toronto,5350227,5350227,1748.00
Toronto,5350228,5350228,2951.00
Toronto,5350229,5350229,1255.00
Toronto,5350230.01,5350230.01,2279.00
Toronto,5350230.02,5350230.02,6176.00
Toronto,5350231,5350231,6488.00
Toronto,5350232,5350232,3995.00
Toronto,5350233,5350233,5459.00
Toronto,5350234,5350234,4550.00
Toronto,5350235.01,5350235.01,2812.00
Toronto,5350235.02,5350235.02,5397.00
Toronto,5350236.01,5350236.01,6551.00
Toronto,5350236.02,5350236.02,6051.00
Toronto,5350237.01,5350237.01,6258.00
Toronto,5350237.02,5350237.02,2861.00
Toronto,5350237.03,5350237.03,5522.00
Toronto,5350238.01,5350238.01,3336.00
Toronto,5350238.02,5350238.02,5199.00
Toronto,5350239,5350239,6571.00
Toronto,5350240.01,5350240.01,3366.00
Toronto,5350240.02,5350240.02,5715.00
Toronto,5350241,5350241,3127.00
Toronto,5350242,5350242,1741.00
Toronto,5350243.01,5350243.01,6457.00
Toronto,5350243.02,5350243.02,3496.00
Toronto,5350244.01,5350244.01,5795.00
Toronto,5350244.02,5350244.02,3755.00
Toronto,5350245,5350245,6903.00
Toronto,5350246,5350246,3585.00
Toronto,5350247.01,5350247.01,8842.00
Toronto,5350247.02,5350247.02,6864.00
Toronto,5350248.02,5350248.02,5724.00
Toronto,5350248.03,5350248.03,2789.00
Toronto,5350248.04,5350248.04,5359.00
Toronto,5350248.05,5350248.05,4475.00
Toronto,5350249.01,5350249.01,4812.00
Toronto,5350249.03,5350249.03,5771.00
Toronto,5350249.04,5350249.04,3283.00
Toronto,5350249.05,5350249.05,5518.00
Toronto,5350250.01,5350250.01,5172.00
Toronto,5350250.02,5350250.02,4966.00
Toronto,5350250.04,5350250.04,6031.00
Toronto,5350250.05,5350250.05,7420.00
Toronto,5350260.01,5350260.01,6869.00
Toronto,5350260.03,5350260.03,7409.00
Toronto,5350260.04,5350260.04,4090.00
Toronto,5350260.05,5350260.05,3800.00
Toronto,5350261,5350261,5450.00
Toronto,5350262.01,5350262.01,5472.00
Toronto,5350262.02,5350262.02,6260.00
Toronto,5350263.02,5350263.02,3175.00
Toronto,5350263.03,5350263.03,5514.00
Toronto,5350263.04,5350263.04,5247.00
Toronto,5350264,5350264,1447.00
Toronto,5350265,5350265,4047.00
Toronto,5350266,5350266,3219.00
Toronto,5350267,5350267,6606.00
Toronto,5350268,5350268,6376.00
Toronto,5350269.01,5350269.01,4924.00
Toronto,5350269.02,5350269.02,2574.00
Toronto,5350270.01,5350270.01,5152.00
Toronto,5350270.02,5350270.02,4093.00
Toronto,5350271.01,5350271.01,2413.00
Toronto,5350271.02,5350271.02,4801.00
Toronto,5350272.01,5350272.01,5884.00
Toronto,5350272.02,5350272.02,4776.00
Toronto,5350273.01,5350273.01,4035.00
Toronto,5350273.02,5350273.02,4318.00
Toronto,5350274.01,5350274.01,4871.00
Toronto,5350274.02,5350274.02,4734.00
Toronto,5350275,5350275,5782.00
Toronto,5350276.01,5350276.01,6389.00
Toronto,5350276.02,5350276.02,6720.00
Toronto,5350277,5350277,4294.00
Toronto,5350278,5350278,7770.00
Toronto,5350279.01,5350279.01,4179.00
Toronto,5350279.02,5350279.02,6823.00
Toronto,5350280,5350280,7364.00
Toronto,5350281.01,5350281.01,6475.00
Toronto,5350281.02,5350281.02,3948.00
Toronto,5350282,5350282,4406.00
Toronto,5350283.01,5350283.01,5333.00
Toronto,5350283.02,5350283.02,4618.00
Toronto,5350284,5350284,6914.00
Toronto,5350285,5350285,3283.00
Toronto,5350286,5350286,3685.00
Toronto,5350287.01,5350287.01,7442.00
Toronto,5350287.02,5350287.02,6874.00
Toronto,5350288,5350288,8441.00
Toronto,5350289,5350289,4532.00
Toronto,5350290,5350290,4691.00
Toronto,5350291.01,5350291.01,3851.00
Toronto,5350291.02,5350291.02,4833.00
Toronto,5350292,5350292,6942.00
Toronto,5350293,5350293,4304.00
Toronto,5350294.01,5350294.01,4343.00
Toronto,5350294.02,5350294.02,4663.00
Toronto,5350295,5350295,5336.00
Toronto,5350296,5350296,131.00
Toronto,5350297.01,5350297.01,6866.00
Toronto,5350297.02,5350297.02,6171.00
Toronto,5350298,5350298,4482.00
Toronto,5350299.01,5350299.01,6015.00
Toronto,5350299.02,5350299.02,4145.00
Toronto,5350300,5350300,10038.00
Toronto,5350301.01,5350301.01,2862.00
Toronto,5350301.03,5350301.03,4402.00
Toronto,5350301.04,5350301.04,4069.00
Toronto,5350302.01,5350302.01,6387.00
Toronto,5350302.02,5350302.02,6177.00
Toronto,5350302.03,5350302.03,3580.00
Toronto,5350303,5350303,5425.00
Toronto,5350304.01,5350304.01,4540.00
Toronto,5350304.02,5350304.02,4168.00
Toronto,5350304.03,5350304.03,2938.00
Toronto,5350304.04,5350304.04,3668.00
Toronto,5350304.05,5350304.05,2881.00
Toronto,5350304.06,5350304.06,6057.00
Toronto,5350305.01,5350305.01,4586.00
Toronto,5350305.03,5350305.03,4865.00
Toronto,5350305.04,5350305.04,5282.00
Toronto,5350306.01,5350306.01,4679.00
Toronto,5350306.02,5350306.02,4375.00
Toronto,5350307.03,5350307.03,5000.00
Toronto,5350307.04,5350307.04,6276.00
Toronto,5350307.05,5350307.05,3538.00
Toronto,5350307.06,5350307.06,5498.00
Toronto,5350307.07,5350307.07,5637.00
Toronto,5350308.01,5350308.01,10567.00
Toronto,5350308.02,5350308.02,4437.00
Toronto,5350309,5350309,6323.00
Toronto,5350310.01,5350310.01,3367.00
Toronto,5350310.02,5350310.02,5201.00
Toronto,5350311.02,5350311.02,5930.00
Toronto,5350311.03,5350311.03,2648.00
Toronto,5350311.04,5350311.04,6864.00
Toronto,5350311.05,5350311.05,6576.00
Toronto,5350311.06,5350311.06,5695.00
Toronto,5350312.02,5350312.02,3624.00
Toronto,5350312.03,5350312.03,6518.00
Toronto,5350312.04,5350312.04,5930.00
Toronto,5350312.05,5350312.05,3803.00
Toronto,5350312.06,5350312.06,3626.00
Toronto,5350312.07,5350312.07,3226.00
Toronto,5350313,5350313,5496.00
Toronto,5350314.01,5350314.01,5055.00
Toronto,5350314.02,5350314.02,5302.00
Toronto,5350315.01,5350315.01,3333.00
Toronto,5350315.02,5350315.02,3666.00
Toronto,5350315.03,5350315.03,5526.00
Toronto,5350316.01,5350316.01,4023.00
Toronto,5350316.03,5350316.03,5761.00
Toronto,5350316.04,5350316.04,4415.00
Toronto,5350316.05,5350316.05,4148.00
Toronto,5350316.06,5350316.06,3710.00
Toronto,5350317.02,5350317.02,7215.00
Toronto,5350317.03,5350317.03,3665.00
Toronto,5350317.04,5350317.04,6016.00
Toronto,5350317.05,5350317.05,2227.00
Toronto,5350318,5350318,8371.00
Toronto,5350319,5350319,4168.00
Toronto,5350320.01,5350320.01,4813.00
Toronto,5350320.02,5350320.02,5700.00
Toronto,5350321.01,5350321.01,3839.00
Toronto,5350321.02,5350321.02,4128.00
Toronto,5350322.01,5350322.01,4917.00
Toronto,5350322.02,5350322.02,3539.00
Toronto,5350323.01,5350323.01,4102.00
Toronto,5350323.02,5350323.02,5624.00
Toronto,5350324.01,5350324.01,3804.00
Toronto,5350324.02,5350324.02,6458.00
Toronto,5350324.03,5350324.03,4098.00
Toronto,5350324.05,5350324.05,3488.00
Toronto,5350324.06,5350324.06,3612.00
Toronto,5350330,5350330,4240.00
Toronto,5350331.01,5350331.01,5576.00
Toronto,5350331.03,5350331.03,5912.00
Toronto,5350331.04,5350331.04,3224.00
Toronto,5350332,5350332,7473.00
Toronto,5350333,5350333,4774.00
Toronto,5350334,5350334,3593.00
Toronto,5350335,5350335,7336.00
Toronto,5350336,5350336,6691.00
Toronto,5350337,5350337,2933.00
Toronto,5350338,5350338,5639.00
Toronto,5350339,5350339,6593.00
Toronto,5350340,5350340,6541.00
Toronto,5350341.02,5350341.02,3992.00
Toronto,5350341.03,5350341.03,5073.00
Toronto,5350341.04,5350341.04,4432.00
Toronto,5350342,5350342,6407.00
Toronto,5350343,5350343,4075.00
Toronto,5350344.01,5350344.01,5038.00
Toronto,5350344.02,5350344.02,3452.00
Toronto,5350345,5350345,3680.00
Toronto,5350346.01,5350346.01,4888.00
Toronto,5350346.02,5350346.02,5095.00
Toronto,5350347,5350347,2610.00
Toronto,5350348,5350348,5137.00
Toronto,5350349,5350349,5644.00
Toronto,5350350,5350350,5412.00
Toronto,5350351.01,5350351.01,5284.00
Toronto,5350351.02,5350351.02,2712.00
Toronto,5350352,5350352,5387.00
Toronto,5350353.02,5350353.02,5263.00
Toronto,5350353.03,5350353.03,3189.00
Toronto,5350353.04,5350353.04,4461.00
Toronto,5350354,5350354,5086.00
Toronto,5350355.02,5350355.02,5374.00
Toronto,5350355.03,5350355.03,4550.00
Toronto,5350355.04,5350355.04,5255.00
Toronto,5350356,5350356,4610.00
Toronto,5350357.01,5350357.01,7266.00
Toronto,5350357.02,5350357.02,4890.00
Toronto,5350358.01,5350358.01,3460.00
Toronto,5350358.02,5350358.02,4590.00
Toronto,5350358.03,5350358.03,5565.00
Toronto,5350359,5350359,7058.00
Toronto,5350360,5350360,5874.00
Toronto,5350361.01,5350361.01,5869.00
Toronto,5350361.02,5350361.02,7224.00
Toronto,5350362.01,5350362.01,6279.00
Toronto,5350362.02,5350362.02,5902.00
Toronto,5350362.03,5350362.03,7195.00
Toronto,5350362.04,5350362.04,4996.00
Toronto,5350363.02,5350363.02,3233.00
Toronto,5350363.04,5350363.04,3624.00
Toronto,5350363.05,5350363.05,4721.00
Toronto,5350363.06,5350363.06,6658.00
Toronto,5350363.07,5350363.07,5566.00
Toronto,5350364.01,5350364.01,6009.00
Toronto,5350364.02,5350364.02,2942.00
Toronto,5350365,5350365,6772.00
Toronto,5350366,5350366,6130.00
Toronto,5350367.01,5350367.01,4896.00
Toronto,5350367.02,5350367.02,3620.00
Toronto,5350368.01,5350368.01,5516.00
Toronto,5350368.02,5350368.02,4308.00
Toronto,5350369,5350369,7703.00
Toronto,5350370.01,5350370.01,10205.00
Toronto,5350370.02,5350370.02,4975.00
Toronto,5350370.03,5350370.03,3796.00
Toronto,5350371,5350371,6999.00
Toronto,5350372,5350372,4364.00
Toronto,5350373,5350373,4599.00
Toronto,5350374.01,5350374.01,4844.00
Toronto,5350374.02,5350374.02,3265.00
Toronto,5350374.03,5350374.03,4247.00
Toronto,5350375.01,5350375.01,6131.00
Toronto,5350375.02,5350375.02,1950.00
Toronto,5350375.03,5350375.03,5412.00
Toronto,5350375.04,5350375.04,5477.00
Toronto,5350375.05,5350375.05,7320.00
Toronto,5350376.01,5350376.01,5248.00
Toronto,5350376.02,5350376.02,5278.00
Toronto,5350376.04,5350376.04,5256.00
Toronto,5350376.05,5350376.05,7132.00
Toronto,5350376.06,5350376.06,515.00
Toronto,5350376.08,5350376.08,6378.00
Toronto,5350376.09,5350376.09,4865.00
Toronto,5350376.11,5350376.11,3627.00
Toronto,5350376.12,5350376.12,5460.00
Toronto,5350376.13,5350376.13,3976.00
Toronto,5350376.14,5350376.14,3788.00
Toronto,5350376.15,5350376.15,3943.00
Toronto,5350376.16,5350376.16,3737.00
Toronto,5350377.01,5350377.01,6650.00
Toronto,5350377.02,5350377.02,4683.00
Toronto,5350377.03,5350377.03,2866.00
Toronto,5350377.04,5350377.04,6114.00
Toronto,5350377.06,5350377.06,3856.00
Toronto,5350377.07,5350377.07,5162.00
Toronto,5350378.02,5350378.02,3374.00
Toronto,5350378.03,5350378.03,7593.00
Toronto,5350378.04,5350378.04,6109.00
Toronto,5350378.05,5350378.05,4028.00
Toronto,5350378.06,5350378.06,6252.00
Toronto,5350378.07,5350378.07,7281.00
Toronto,5350378.08,5350378.08,6571.00
Toronto,5350378.11,5350378.11,5874.00
Toronto,5350378.12,5350378.12,5293.00
Toronto,5350378.14,5350378.14,4074.00
Toronto,5350378.16,5350378.16,6438.00
Toronto,5350378.17,5350378.17,3499.00
Toronto,5350378.18,5350378.18,2881.00
Toronto,5350378.19,5350378.19,5223.00
Toronto,5350378.2,5350378.2,2263.00
Toronto,5350378.21,5350378.21,3627.00
Toronto,5350378.22,5350378.22,3640.00
Toronto,5350378.23,5350378.23,4248.00
Toronto,5350378.24,5350378.24,6406.00
Toronto,5350378.25,5350378.25,7558.00
Toronto,5350378.26,5350378.26,4675.00
Toronto,5350378.27,5350378.27,5627.00
Toronto,5350378.28,5350378.28,7451.00
Toronto,5350400.02,5350400.02,6261.00
Toronto,5350400.03,5350400.03,3032.00
Toronto,5350400.04,5350400.04,2026.00
Toronto,5350400.06,5350400.06,3075.00
Toronto,5350400.07,5350400.07,3397.00
Toronto,5350400.08,5350400.08,2771.00
Toronto,5350400.11,5350400.11,6472.00
Toronto,5350400.12,5350400.12,7219.00
Toronto,5350400.13,5350400.13,6233.00
Toronto,5350400.14,5350400.14,6328.00
Toronto,5350400.15,5350400.15,4739.00
Toronto,5350400.16,5350400.16,5586.00
Toronto,5350400.17,5350400.17,4825.00
Toronto,5350400.18,5350400.18,2604.00
Toronto,5350400.19,5350400.19,7253.00
Toronto,5350400.2,5350400.2,2668.00
Toronto,5350400.21,5350400.21,2047.00
Toronto,5350400.22,5350400.22,8586.00
Toronto,5350400.23,5350400.23,8626.00
Toronto,5350401.04,5350401.04,3605.00
Toronto,5350401.05,5350401.05,2164.00
Toronto,5350401.06,5350401.06,5246.00
Toronto,5350401.07,5350401.07,4374.00
Toronto,5350401.08,5350401.08,3489.00
Toronto,5350401.09,5350401.09,8906.00
Toronto,5350401.1,5350401.1,5084.00
Toronto,5350401.11,5350401.11,7061.00
Toronto,5350401.13,5350401.13,6434.00
Toronto,5350401.14,5350401.14,8267.00
Toronto,5350401.15,5350401.15,2819.00
Toronto,5350401.17,5350401.17,3723.00
Toronto,5350401.18,5350401.18,3452.00
Toronto,5350401.19,5350401.19,6842.00
Toronto,5350401.2,5350401.2,4846.00
Toronto,5350401.21,5350401.21,3141.00
Toronto,5350401.22,5350401.22,7854.00
Toronto,5350401.23,5350401.23,2096.00
Toronto,5350402.01,5350402.01,2586.00
Toronto,5350402.02,5350402.02,3350.00
Toronto,5350402.03,5350402.03,3130.00
Toronto,5350402.04,5350402.04,5231.00
Toronto,5350402.05,5350402.05,2137.00
Toronto,5350402.06,5350402.06,5840.00
Toronto,5350402.07,5350402.07,2130.00
Toronto,5350402.08,5350402.08,6446.00
Toronto,5350402.09,5350402.09,3744.00
Toronto,5350402.1,5350402.1,3725.00
Toronto,5350402.12,5350402.12,4464.00
Toronto,5350402.13,5350402.13,5264.00
Toronto,5350403.01,5350403.01,8143.00
Toronto,5350403.03,5350403.03,10128.00
Toronto,5350403.04,5350403.04,4257.00
Toronto,5350403.05,5350403.05,3395.00
Toronto,5350403.07,5350403.07,7222.00
Toronto,5350403.09,5350403.09,5118.00
Toronto,5350403.1,5350403.1,5051.00
Toronto,5350403.11,5350403.11,7311.00
Toronto,5350403.12,5350403.12,6699.00
Toronto,5350403.13,5350403.13,6377.00
Toronto,5350403.14,5350403.14,6810.00
Toronto,5350410.02,5350410.02,4562.00
Toronto,5350410.03,5350410.03,7085.00
Toronto,5350410.04,5350410.04,3868.00
Toronto,5350410.05,5350410.05,6652.00
Toronto,5350410.07,5350410.07,3776.00
Toronto,5350410.09,5350410.09,4863.00
Toronto,5350410.1,5350410.1,4131.00
Toronto,5350410.11,5350410.11,4234.00
Toronto,5350410.12,5350410.12,5795.00
Toronto,5350410.13,5350410.13,7177.00
Toronto,5350410.14,5350410.14,6355.00
Toronto,5350410.15,5350410.15,1924.00
Toronto,5350411.01,5350411.01,5716.00
Toronto,5350411.04,5350411.04,5977.00
Toronto,5350411.07,5350411.07,4536.00
Toronto,5350411.08,5350411.08,2128.00
Toronto,5350411.09,5350411.09,6409.00
Toronto,5350411.12,5350411.12,5687.00
Toronto,5350411.15,5350411.15,4133.00
Toronto,5350411.16,5350411.16,6104.00
Toronto,5350411.17,5350411.17,5479.00
Toronto,5350411.18,5350411.18,7911.00
Toronto,5350411.19,5350411.19,5710.00
Toronto,5350411.2,5350411.2,17558.00
Toronto,5350411.21,5350411.21,2527.00
Toronto,5350411.22,5350411.22,5405.00
Toronto,5350411.23,5350411.23,3925.00
Toronto,5350411.24,5350411.24,7281.00
Toronto,5350411.25,5350411.25,3457.00
Toronto,5350411.26,5350411.26,5352.00
Toronto,5350411.27,5350411.27,4225.00
Toronto,5350412.01,5350412.01,6643.00
Toronto,5350412.02,5350412.02,7767.00
Toronto,5350412.04,5350412.04,4718.00
Toronto,5350412.06,5350412.06,3785.00
Toronto,5350412.08,5350412.08,2770.00
Toronto,5350412.1,5350412.1,6264.00
Toronto,5350412.11,5350412.11,4618.00
Toronto,5350412.12,5350412.12,4251.00
Toronto,5350412.13,5350412.13,4306.00
Toronto,5350412.14,5350412.14,3632.00
Toronto,5350412.15,5350412.15,5425.00
Toronto,5350412.18,5350412.18,8074.00
Toronto,5350412.19,5350412.19,9641.00
Toronto,5350412.2,5350412.2,5804.00
Toronto,5350412.21,5350412.21,18.00
Toronto,5350412.22,5350412.22,7599.00
Toronto,5350412.23,5350412.23,11859.00
Toronto,5350412.24,5350412.24,8276.00
Toronto,5350413,5350413,12909.00
Toronto,5350420.03,5350420.03,6430.00
Toronto,5350420.05,5350420.05,6627.00
Toronto,5350420.06,5350420.06,5431.00
Toronto,5350420.08,5350420.08,4596.00
Toronto,5350420.09,5350420.09,4256.00
Toronto,5350420.1,5350420.1,3879.00
Toronto,5350420.11,5350420.11,6739.00
Toronto,5350420.13,5350420.13,5397.00
Toronto,5350420.14,5350420.14,6814.00
Toronto,5350420.15,5350420.15,2523.00
Toronto,5350421.01,5350421.01,6747.00
Toronto,5350421.04,5350421.04,3710.00
Toronto,5350421.05,5350421.05,3688.00
Toronto,5350421.06,5350421.06,3854.00
Toronto,5350421.07,5350421.07,4339.00
Toronto,5350422.02,5350422.02,5182.00
Toronto,5350422.03,5350422.03,6955.00
Toronto,5350422.04,5350422.04,4189.00
Toronto,5350422.05,5350422.05,7332.00
Toronto,5350422.06,5350422.06,5332.00
Toronto,5350423.01,5350423.01,3810.00
Toronto,5350423.02,5350423.02,7523.00
Toronto,5350424.04,5350424.04,2597.00
Toronto,5350424.05,5350424.05,8790.00
Toronto,5350424.07,5350424.07,6858.00
Toronto,5350424.08,5350424.08,7398.00
Toronto,5350424.09,5350424.09,2986.00
Toronto,5350424.1,5350424.1,6135.00
Toronto,5350424.11,5350424.11,7637.00
Toronto,5350424.12,5350424.12,26183.00
Toronto,5350424.13,5350424.13,1604.00
Toronto,5350430.02,5350430.02,10002.00
Toronto,5350430.03,5350430.03,4733.00
Toronto,5350430.04,5350430.04,10301.00
Toronto,5350431.01,5350431.01,6110.00
Toronto,5350431.02,5350431.02,6482.00
Toronto,5350440,5350440,6923.00
Toronto,5350441.02,5350441.02,4588.00
Toronto,5350441.03,5350441.03,7431.00
Toronto,5350441.04,5350441.04,5840.00
Toronto,5350442.02,5350442.02,4178.00
Toronto,5350442.03,5350442.03,5697.00
Toronto,5350442.04,5350442.04,3688.00
Toronto,5350442.05,5350442.05,6960.00
Toronto,5350442.06,5350442.06,7898.00
Toronto,5350450.02,5350450.02,3172.00
Toronto,5350450.03,5350450.03,8280.00
Toronto,5350450.05,5350450.05,5737.00
Toronto,5350450.06,5350450.06,4773.00
Toronto,5350451.01,5350451.01,2365.00
Toronto,5350451.02,5350451.02,4903.00
Toronto,5350451.03,5350451.03,7127.00
Toronto,5350451.05,5350451.05,4696.00
Toronto,5350451.06,5350451.06,6514.00
Toronto,5350451.07,5350451.07,4785.00
Toronto,5350452.01,5350452.01,3251.00
Toronto,5350452.02,5350452.02,4928.00
Toronto,5350452.03,5350452.03,5655.00
Toronto,5350452.05,5350452.05,4199.00
Toronto,5350452.06,5350452.06,3858.00
Toronto,5350452.07,5350452.07,5735.00
Toronto,5350455,5350455,7479.00
Toronto,5350456.01,5350456.01,4581.00
Toronto,5350456.02,5350456.02,6193.00
Toronto,5350456.03,5350456.03,4220.00
Toronto,5350460.01,5350460.01,4894.00
Toronto,5350460.02,5350460.02,3775.00
Toronto,5350461.01,5350461.01,3582.00
Toronto,5350461.02,5350461.02,7648.00
Toronto,5350470,5350470,2822.00
Toronto,5350471,5350471,3479.00
Toronto,5350472,5350472,6714.00
Toronto,5350473.01,5350473.01,6419.00
Toronto,5350473.02,5350473.02,6944.00
Toronto,5350473.03,5350473.03,3729.00
Toronto,5350474,5350474,5432.00
Toronto,5350475,5350475,5971.00
Toronto,5350476,5350476,2282.00
Toronto,5350480.01,5350480.01,4098.00
Toronto,5350480.02,5350480.02,8065.00
Toronto,5350481.01,5350481.01,5163.00
Toronto,5350481.02,5350481.02,4443.00
Toronto,5350482,5350482,6308.00
Toronto,5350483.01,5350483.01,4902.00
Toronto,5350483.02,5350483.02,2732.00
Toronto,5350484.01,5350484.01,3596.00
Toronto,5350484.02,5350484.02,6240.00
Toronto,5350485.01,5350485.01,6325.00
Toronto,5350485.02,5350485.02,6439.00
Toronto,5350500.01,5350500.01,3441.00
Toronto,5350500.02,5350500.02,4776.00
Toronto,5350501.01,5350501.01,5816.00
Toronto,5350501.02,5350501.02,7097.00
Toronto,5350502.01,5350502.01,5602.00
Toronto,5350502.02,5350502.02,2597.00
Toronto,5350503,5350503,5228.00
Toronto,5350504,5350504,3409.00
Toronto,5350505.01,5350505.01,4728.00
Toronto,5350505.02,5350505.02,5822.00
Toronto,5350506,5350506,2677.00
Toronto,5350507,5350507,3683.00
Toronto,5350508,5350508,3333.00
Toronto,5350509.01,5350509.01,5133.00
Toronto,5350509.02,5350509.02,3103.00
Toronto,5350510,5350510,5595.00
Toronto,5350511.01,5350511.01,5021.00
Toronto,5350511.02,5350511.02,4744.00
Toronto,5350512,5350512,6957.00
Toronto,5350513.01,5350513.01,6909.00
Toronto,5350513.02,5350513.02,6543.00
Toronto,5350513.03,5350513.03,3934.00
Toronto,5350513.04,5350513.04,3876.00
Toronto,5350514.01,5350514.01,2426.00
Toronto,5350514.02,5350514.02,6004.00
Toronto,5350515.01,5350515.01,4348.00
Toronto,5350515.02,5350515.02,3960.00
Toronto,5350516.01,5350516.01,5471.00
Toronto,5350516.02,5350516.02,4855.00
Toronto,5350516.03,5350516.03,5850.00
Toronto,5350516.04,5350516.04,6422.00
Toronto,5350516.05,5350516.05,6272.00
Toronto,5350516.06,5350516.06,4769.00
Toronto,5350516.08,5350516.08,6064.00
Toronto,5350516.09,5350516.09,7027.00
Toronto,5350516.11,5350516.11,4918.00
Toronto,5350516.16,5350516.16,5118.00
Toronto,5350516.17,5350516.17,3586.00
Toronto,5350516.18,5350516.18,3603.00
Toronto,5350516.2,5350516.2,6313.00
Toronto,5350516.21,5350516.21,3020.00
Toronto,5350516.22,5350516.22,7045.00
Toronto,5350516.23,5350516.23,5791.00
Toronto,5350516.24,5350516.24,4225.00
Toronto,5350516.25,5350516.25,4054.00
Toronto,5350516.26,5350516.26,7144.00
Toronto,5350516.28,5350516.28,4808.00
Toronto,5350516.29,5350516.29,4880.00
Toronto,5350516.3,5350516.3,6014.00
Toronto,5350516.31,5350516.31,2879.00
Toronto,5350516.32,5350516.32,4939.00
Toronto,5350516.37,5350516.37,5526.00
Toronto,5350516.38,5350516.38,6396.00
Toronto,5350516.39,5350516.39,5132.00
Toronto,5350516.4,5350516.4,6218.00
Toronto,5350516.41,5350516.41,5059.00
Toronto,5350516.42,5350516.42,8498.00
Toronto,5350516.43,5350516.43,4217.00
Toronto,5350516.44,5350516.44,4965.00
Toronto,5350516.45,5350516.45,11832.00
Toronto,5350516.46,5350516.46,7371.00
Toronto,5350516.47,5350516.47,5029.00
Toronto,5350517,5350517,1719.00
Toronto,5350518,5350518,4420.00
Toronto,5350519,5350519,3931.00
Toronto,5350520.01,5350520.01,5583.00
Toronto,5350520.02,5350520.02,6742.00
Toronto,5350520.05,5350520.05,3744.00
Toronto,5350520.07,5350520.07,5040.00
Toronto,5350520.08,5350520.08,6475.00
Toronto,5350520.09,5350520.09,6448.00
Toronto,5350520.1,5350520.1,9200.00
Toronto,5350521.01,5350521.01,5665.00
Toronto,5350521.02,5350521.02,3513.00
Toronto,5350521.03,5350521.03,5072.00
Toronto,5350521.04,5350521.04,6465.00
Toronto,5350521.05,5350521.05,4267.00
Toronto,5350521.06,5350521.06,5184.00
Toronto,5350522,5350522,5957.00
Toronto,5350523,5350523,6110.00
Toronto,5350524.01,5350524.01,4896.00
Toronto,5350524.02,5350524.02,3668.00
Toronto,5350525.01,5350525.01,3537.00
Toronto,5350525.02,5350525.02,4550.00
Toronto,5350526.01,5350526.01,6318.00
Toronto,5350526.02,5350526.02,3452.00
Toronto,5350527.01,5350527.01,7324.00
Toronto,5350527.02,5350527.02,5362.00
Toronto,5350527.03,5350527.03,7003.00
Toronto,5350527.04,5350527.04,5868.00
Toronto,5350527.05,5350527.05,5905.00
Toronto,5350527.06,5350527.06,4186.00
Toronto,5350527.07,5350527.07,5171.00
Toronto,5350527.08,5350527.08,4501.00
Toronto,5350527.09,5350527.09,3587.00
Toronto,5350528.01,5350528.01,5343.00
Toronto,5350528.02,5350528.02,8095.00
Toronto,5350528.1,5350528.1,8809.00
Toronto,5350528.11,5350528.11,5533.00
Toronto,5350528.12,5350528.12,6056.00
Toronto,5350528.13,5350528.13,3601.00
Toronto,5350528.15,5350528.15,4502.00
Toronto,5350528.16,5350528.16,5279.00
Toronto,5350528.18,5350528.18,6975.00
Toronto,5350528.19,5350528.19,5631.00
Toronto,5350528.2,5350528.2,6132.00
Toronto,5350528.21,5350528.21,4663.00
Toronto,5350528.22,5350528.22,6923.00
Toronto,5350528.24,5350528.24,5564.00
Toronto,5350528.25,5350528.25,7886.00
Toronto,5350528.26,5350528.26,4688.00
Toronto,5350528.31,5350528.31,6666.00
Toronto,5350528.32,5350528.32,4413.00
Toronto,5350528.33,5350528.33,6676.00
Toronto,5350528.34,5350528.34,6122.00
Toronto,5350528.35,5350528.35,3394.00
Toronto,5350528.36,5350528.36,8706.00
Toronto,5350528.37,5350528.37,6669.00
Toronto,5350528.39,5350528.39,6817.00
Toronto,5350528.4,5350528.4,6000.00
Toronto,5350528.41,5350528.41,7760.00
Toronto,5350528.42,5350528.42,5312.00
Toronto,5350528.43,5350528.43,4383.00
Toronto,5350528.44,5350528.44,2202.00
Toronto,5350528.45,5350528.45,5800.00
Toronto,5350528.46,5350528.46,6846.00
Toronto,5350528.47,5350528.47,5345.00
Toronto,5350528.48,5350528.48,6990.00
Toronto,5350528.49,5350528.49,4811.00
Toronto,5350529.01,5350529.01,3767.00
Toronto,5350529.02,5350529.02,4726.00
Toronto,5350530.01,5350530.01,5238.00
Toronto,5350530.02,5350530.02,3324.00
Toronto,5350531.01,5350531.01,4257.00
Toronto,5350531.02,5350531.02,6936.00
Toronto,5350532.01,5350532.01,4394.00
Toronto,5350532.02,5350532.02,4670.00
Toronto,5350540.01,5350540.01,5134.00
Toronto,5350540.02,5350540.02,5406.00
Toronto,5350550.01,5350550.01,4424.00
Toronto,5350550.02,5350550.02,7399.00
Toronto,5350560,5350560,6221.00
Toronto,5350561,5350561,5852.00
Toronto,5350562.02,5350562.02,6616.00
Toronto,5350562.03,5350562.03,5058.00
Toronto,5350562.04,5350562.04,4688.00
Toronto,5350562.05,5350562.05,5513.00
Toronto,5350562.06,5350562.06,3120.00
Toronto,5350562.07,5350562.07,4719.00
Toronto,5350562.08,5350562.08,4147.00
Toronto,5350562.09,5350562.09,4027.00
Toronto,5350562.11,5350562.11,3113.00
Toronto,5350562.12,5350562.12,6568.00
Toronto,5350562.13,5350562.13,1230.00
Toronto,5350562.14,5350562.14,4034.00
Toronto,5350562.15,5350562.15,3905.00
Toronto,5350563.01,5350563.01,7088.00
Toronto,5350563.02,5350563.02,3100.00
Toronto,5350564.01,5350564.01,2301.00
Toronto,5350564.02,5350564.02,5030.00
Toronto,5350570.01,5350570.01,3233.00
Toronto,5350570.02,5350570.02,3614.00
Toronto,5350571.01,5350571.01,3880.00
Toronto,5350571.02,5350571.02,4065.00
Toronto,5350572.01,5350572.01,6849.00
Toronto,5350572.04,5350572.04,3201.00
Toronto,5350572.05,5350572.05,6236.00
Toronto,5350572.07,5350572.07,4864.00
Toronto,5350572.08,5350572.08,5416.00
Toronto,5350572.09,5350572.09,3996.00
Toronto,5350572.1,5350572.1,3819.00
Toronto,5350573.03,5350573.03,6649.00
Toronto,5350573.05,5350573.05,5692.00
Toronto,5350573.06,5350573.06,4682.00
Toronto,5350573.07,5350573.07,5987.00
Toronto,5350573.09,5350573.09,5976.00
Toronto,5350573.1,5350573.1,3163.00
Toronto,5350573.11,5350573.11,5139.00
Toronto,5350574,5350574,6071.00
Toronto,5350575.01,5350575.01,6189.00
Toronto,5350575.02,5350575.02,4527.00
Toronto,5350575.03,5350575.03,6795.00
Toronto,5350575.04,5350575.04,6354.00
Toronto,5350575.05,5350575.05,7001.00
Toronto,5350575.07,5350575.07,3929.00
Toronto,5350575.08,5350575.08,5901.00
Toronto,5350576.04,5350576.04,4527.00
Toronto,5350576.05,5350576.05,7161.00
Toronto,5350576.06,5350576.06,6967.00
Toronto,5350576.07,5350576.07,4696.00
Toronto,5350576.09,5350576.09,3893.00
Toronto,5350576.1,5350576.1,7135.00
Toronto,5350576.16,5350576.16,6667.00
Toronto,5350576.17,5350576.17,6902.00
Toronto,5350576.18,5350576.18,11904.00
Toronto,5350576.2,5350576.2,7034.00
Toronto,5350576.22,5350576.22,7798.00
Toronto,5350576.24,5350576.24,8186.00
Toronto,5350576.29,5350576.29,4350.00
Toronto,5350576.3,5350576.3,15991.00
Toronto,5350576.31,5350576.31,3598.00
Toronto,5350576.32,5350576.32,9284.00
Toronto,5350576.33,5350576.33,2731.00
Toronto,5350576.34,5350576.34,5983.00
Toronto,5350576.35,5350576.35,13530.00
Toronto,5350576.36,5350576.36,10772.00
Toronto,5350576.37,5350576.37,13334.00
Toronto,5350576.38,5350576.38,13724.00
Toronto,5350576.39,5350576.39,11300.00
Toronto,5350576.4,5350576.4,7409.00
Toronto,5350576.41,5350576.41,7948.00
Toronto,5350576.42,5350576.42,8877.00
Toronto,5350576.43,5350576.43,6382.00
Toronto,5350576.44,5350576.44,2776.00
Toronto,5350576.45,5350576.45,2988.00
Toronto,5350576.46,5350576.46,5568.00
Toronto,5350576.47,5350576.47,3316.00
Toronto,5350576.48,5350576.48,10343.00
Toronto,5350576.49,5350576.49,4817.00
Toronto,5350576.5,5350576.5,6642.00
Toronto,5350576.51,5350576.51,10061.00
Toronto,5350585.02,5350585.02,6362.00
Toronto,5350585.03,5350585.03,5532.00
Toronto,5350585.05,5350585.05,7460.00
Toronto,5350585.07,5350585.07,5322.00
Toronto,5350585.08,5350585.08,3738.00
Toronto,5350585.09,5350585.09,5914.00
Toronto,5350585.1,5350585.1,4268.00
Toronto,5350586.01,5350586.01,6361.00
Toronto,5350586.02,5350586.02,2927.00
Toronto,5350587.01,5350587.01,6144.00
Toronto,5350587.02,5350587.02,5432.00
Toronto,5350590,5350590,4990.00
Toronto,5350591.01,5350591.01,5158.00
Toronto,5350591.02,5350591.02,4940.00
Toronto,5350592.01,5350592.01,6984.00
Toronto,5350592.02,5350592.02,5903.00
Toronto,5350593,5350593,7546.00
Toronto,5350600.01,5350600.01,6284.00
Toronto,5350600.02,5350600.02,7213.00
Toronto,5350601,5350601,4050.00
Toronto,5350602,5350602,4877.00
Toronto,5350603,5350603,4709.00
Toronto,5350604,5350604,2440.00
Toronto,5350605,5350605,2317.00
Toronto,5350606,5350606,4992.00
Toronto,5350607,5350607,3034.00
Toronto,5350608,5350608,2580.00
Toronto,5350609,5350609,2734.00
Toronto,5350610.02,5350610.02,8472.00
Toronto,5350610.03,5350610.03,4100.00
Toronto,5350610.04,5350610.04,3183.00
Toronto,5350611,5350611,4920.00
Toronto,5350612.01,5350612.01,38.00
Toronto,5350612.03,5350612.03,6458.00
Toronto,5350612.05,5350612.05,5985.00
Toronto,5350612.07,5350612.07,8627.00
Toronto,5350612.08,5350612.08,5565.00
Toronto,5350612.1,5350612.1,35.00
Toronto,5350612.11,5350612.11,5961.00
Toronto,5350612.12,5350612.12,6928.00
Toronto,5350612.13,5350612.13,3924.00
Toronto,5350612.14,5350612.14,4470.00
Toronto,5350612.15,5350612.15,5762.00
Toronto,5350612.18,5350612.18,4301.00
Toronto,5350612.19,5350612.19,3990.00
Toronto,5350612.2,5350612.2,4388.00
Toronto,5350612.21,5350612.21,6225.00
Toronto,5350612.22,5350612.22,6150.00
Toronto,5350612.23,5350612.23,4621.00
Toronto,5350612.24,5350612.24,7300.00
Toronto,5350612.25,5350612.25,5666.00
Toronto,5350613.01,5350613.01,4224.00
Toronto,5350613.03,5350613.03,4052.00
Toronto,5350613.04,5350613.04,4449.00
Toronto,5350614.01,5350614.01,3187.00
Toronto,5350614.02,5350614.02,3956.00
Toronto,5350615,5350615,353.00
Toronto,5350620.01,5350620.01,7789.00
Toronto,5350620.02,5350620.02,9353.00
Toronto,5350620.04,5350620.04,24951.00
Toronto,5350620.05,5350620.05,4502.00
Toronto,5350620.06,5350620.06,5613.00
Toronto,5350620.07,5350620.07,5165.00
Toronto,5350621,5350621,5587.00
Toronto,5350622,5350622,6035.00
Toronto,5350623,5350623,3391.00
Toronto,5350624,5350624,5351.00
Toronto,5350625,5350625,789.00
Toronto,5350626,5350626,5836.00
Toronto,5350630,5350630,3279.00
Toronto,5350631.02,5350631.02,4399.00
Toronto,5350631.03,5350631.03,4667.00
Toronto,5350631.04,5350631.04,4433.00
Toronto,5350632,5350632,4514.00
Toronto,5350633,5350633,3129.00
Toronto,5350634.01,5350634.01,4451.00
Toronto,5350634.02,5350634.02,3750.00
Toronto,5350635,5350635,5967.00
Toronto,5350636,5350636,2849.00
Toronto,5350637,5350637,7139.00
Toronto,5350638,5350638,6141.00
Toronto,5350639,5350639,4290.00
Toronto,5350800.01,5350800.01,2519.00
Toronto,5350800.02,5350800.02,4712.00
Toronto,5350801.01,5350801.01,3911.00
Toronto,5350801.02,5350801.02,5761.00
Toronto,5350802.01,5350802.01,3976.00
Toronto,5350802.02,5350802.02,5350.00
Toronto,5350803.03,5350803.03,5424.00
Toronto,5350803.04,5350803.04,5894.00
Toronto,5350803.05,5350803.05,6778.00
Toronto,5350803.06,5350803.06,5791.00
Toronto,5350804.01,5350804.01,7218.00
Toronto,5350804.05,5350804.05,7009.00
Toronto,5350804.06,5350804.06,3172.00
Toronto,5350804.07,5350804.07,3828.00
Toronto,5350804.08,5350804.08,3888.00
Toronto,5350804.1,5350804.1,4846.00
Toronto,5350804.11,5350804.11,5633.00
Toronto,5350804.12,5350804.12,3232.00
Toronto,5350804.13,5350804.13,5115.00
Toronto,5350805.02,5350805.02,4984.00
Toronto,5350805.04,5350805.04,6668.00
Toronto,5350805.05,5350805.05,5605.00
Toronto,5350805.06,5350805.06,5870.00
Toronto,5350805.08,5350805.08,11452.00
Toronto,5350805.09,5350805.09,5647.00
Toronto,5350805.1,5350805.1,6520.00
Toronto,5350805.12,5350805.12,6617.00
Toronto,5350805.13,5350805.13,12037.00
Toronto,5350806,5350806,1625.00
Toronto,5350807,5350807,2365.00
Toronto,5350810.01,5350810.01,3940.00
Toronto,5350810.02,5350810.02,2420.00
Toronto,5350810.03,5350810.03,3199.00
Toronto,5350810.04,5350810.04,5682.00
Toronto,5350810.05,5350810.05,3819.00
Toronto,5350811,5350811,3759.00
Toronto,5350812,5350812,5878.00
Toronto,5350820.01,5350820.01,4997.00
Toronto,5350820.02,5350820.02,6467.00
Toronto,5350820.03,5350820.03,4039.00
Toronto,5350830,5350830,4312.00
Toronto,5350831.01,5350831.01,5823.00
Toronto,5350831.02,5350831.02,6510.00
Toronto,5350832,5350832,3978.00
